id,title,description,availability,condition,price,link,image_link,brand,google_product_category,color,size,item_group_id
MC-CON-001-CORAL-P,Conjunto Onda Coral - Coral - P,"Top de um ombro só e legging de cintura alta, com textura inspirada no movimento do mar.",in stock,new,289.90 BRL,https://marecoral.com.br/produto/conjunto-onda-coral?cor=Coral&tamanho=P,https://marecoral.com.br/images/coral/looks/look-rosa-coral-real-4x5-v2.png,Maré Coral Fitwear,Apparel & Accessories > Clothing > Activewear,Coral,P,MC-CON-001
MC-CON-001-CORAL-M,Conjunto Onda Coral - Coral - M,"Top de um ombro só e legging de cintura alta, com textura inspirada no movimento do mar.",in stock,new,289.90 BRL,https://marecoral.com.br/produto/conjunto-onda-coral?cor=Coral&tamanho=M,https://marecoral.com.br/images/coral/looks/look-rosa-coral-real-4x5-v2.png,Maré Coral Fitwear,Apparel & Accessories > Clothing > Activewear,Coral,M,MC-CON-001
MC-CON-001-CORAL-G,Conjunto Onda Coral - Coral - G,"Top de um ombro só e legging de cintura alta, com textura inspirada no movimento do mar.",in stock,new,289.90 BRL,https://marecoral.com.br/produto/conjunto-onda-coral?cor=Coral&tamanho=G,https://marecoral.com.br/images/coral/looks/look-rosa-coral-real-4x5-v2.png,Maré Coral Fitwear,Apparel & Accessories > Clothing > Activewear,Coral,G,MC-CON-001
MC-CON-001-CORAL-GG,Conjunto Onda Coral - Coral - GG,"Top de um ombro só e legging de cintura alta, com textura inspirada no movimento do mar.",in stock,new,289.90 BRL,https://marecoral.com.br/produto/conjunto-onda-coral?cor=Coral&tamanho=GG,https://marecoral.com.br/images/coral/looks/look-rosa-coral-real-4x5-v2.png,Maré Coral Fitwear,Apparel & Accessories > Clothing > Activewear,Coral,GG,MC-CON-001
MC-CON-001-ROSA-P,Conjunto Onda Coral - Rosa - P,"Top de um ombro só e legging de cintura alta, com textura inspirada no movimento do mar.",in stock,new,289.90 BRL,https://marecoral.com.br/produto/conjunto-onda-coral?cor=Rosa&tamanho=P,https://marecoral.com.br/images/coral/looks/look-rosa-coral-real-4x5-v2.png,Maré Coral Fitwear,Apparel & Accessories > Clothing > Activewear,Rosa,P,MC-CON-001
MC-CON-001-ROSA-M,Conjunto Onda Coral - Rosa - M,"Top de um ombro só e legging de cintura alta, com textura inspirada no movimento do mar.",in stock,new,289.90 BRL,https://marecoral.com.br/produto/conjunto-onda-coral?cor=Rosa&tamanho=M,https://marecoral.com.br/images/coral/looks/look-rosa-coral-real-4x5-v2.png,Maré Coral Fitwear,Apparel & Accessories > Clothing > Activewear,Rosa,M,MC-CON-001
MC-CON-001-ROSA-G,Conjunto Onda Coral - Rosa - G,"Top de um ombro só e legging de cintura alta, com textura inspirada no movimento do mar.",in stock,new,289.90 BRL,https://marecoral.com.br/produto/conjunto-onda-coral?cor=Rosa&tamanho=G,https://marecoral.com.br/images/coral/looks/look-rosa-coral-real-4x5-v2.png,Maré Coral Fitwear,Apparel & Accessories > Clothing > Activewear,Rosa,G,MC-CON-001
MC-CON-001-ROSA-GG,Conjunto Onda Coral - Rosa - GG,"Top de um ombro só e legging de cintura alta, com textura inspirada no movimento do mar.",in stock,new,289.90 BRL,https://marecoral.com.br/produto/conjunto-onda-coral?cor=Rosa&tamanho=GG,https://marecoral.com.br/images/coral/looks/look-rosa-coral-real-4x5-v2.png,Maré Coral Fitwear,Apparel & Accessories > Clothing > Activewear,Rosa,GG,MC-CON-001
MC-TOP-001-ROSA-P,Top Onda Um Ombro - Rosa - P,"Sustentação média, toque macio e desenho assimétrico para treinar com liberdade.",in stock,new,139.90 BRL,https://marecoral.com.br/produto/top-onda-um-ombro?cor=Rosa&tamanho=P,https://marecoral.com.br/images/coral/coral-real-identidade-v2.png,Maré Coral Fitwear,Apparel & Accessories > Clothing > Activewear,Rosa,P,MC-TOP-001
MC-TOP-001-ROSA-M,Top Onda Um Ombro - Rosa - M,"Sustentação média, toque macio e desenho assimétrico para treinar com liberdade.",in stock,new,139.90 BRL,https://marecoral.com.br/produto/top-onda-um-ombro?cor=Rosa&tamanho=M,https://marecoral.com.br/images/coral/coral-real-identidade-v2.png,Maré Coral Fitwear,Apparel & Accessories > Clothing > Activewear,Rosa,M,MC-TOP-001
MC-TOP-001-ROSA-G,Top Onda Um Ombro - Rosa - G,"Sustentação média, toque macio e desenho assimétrico para treinar com liberdade.",in stock,new,139.90 BRL,https://marecoral.com.br/produto/top-onda-um-ombro?cor=Rosa&tamanho=G,https://marecoral.com.br/images/coral/coral-real-identidade-v2.png,Maré Coral Fitwear,Apparel & Accessories > Clothing > Activewear,Rosa,G,MC-TOP-001
MC-TOP-001-CORAL-P,Top Onda Um Ombro - Coral - P,"Sustentação média, toque macio e desenho assimétrico para treinar com liberdade.",in stock,new,139.90 BRL,https://marecoral.com.br/produto/top-onda-um-ombro?cor=Coral&tamanho=P,https://marecoral.com.br/images/coral/coral-real-identidade-v2.png,Maré Coral Fitwear,Apparel & Accessories > Clothing > Activewear,Coral,P,MC-TOP-001
MC-TOP-001-CORAL-M,Top Onda Um Ombro - Coral - M,"Sustentação média, toque macio e desenho assimétrico para treinar com liberdade.",in stock,new,139.90 BRL,https://marecoral.com.br/produto/top-onda-um-ombro?cor=Coral&tamanho=M,https://marecoral.com.br/images/coral/coral-real-identidade-v2.png,Maré Coral Fitwear,Apparel & Accessories > Clothing > Activewear,Coral,M,MC-TOP-001
MC-TOP-001-CORAL-G,Top Onda Um Ombro - Coral - G,"Sustentação média, toque macio e desenho assimétrico para treinar com liberdade.",in stock,new,139.90 BRL,https://marecoral.com.br/produto/top-onda-um-ombro?cor=Coral&tamanho=G,https://marecoral.com.br/images/coral/coral-real-identidade-v2.png,Maré Coral Fitwear,Apparel & Accessories > Clothing > Activewear,Coral,G,MC-TOP-001
MC-LEG-001-ROSA-P,Legging Maré Alta - Rosa - P,"Cintura alta, compressão confortável e bolso lateral para acompanhar sua rotina.",in stock,new,189.90 BRL,https://marecoral.com.br/produto/legging-mare-alta?cor=Rosa&tamanho=P,https://marecoral.com.br/images/coral/looks/look-rosa-coral-real-9x16-v2.png,Maré Coral Fitwear,Apparel & Accessories > Clothing > Activewear,Rosa,P,MC-LEG-001
MC-LEG-001-ROSA-M,Legging Maré Alta - Rosa - M,"Cintura alta, compressão confortável e bolso lateral para acompanhar sua rotina.",in stock,new,189.90 BRL,https://marecoral.com.br/produto/legging-mare-alta?cor=Rosa&tamanho=M,https://marecoral.com.br/images/coral/looks/look-rosa-coral-real-9x16-v2.png,Maré Coral Fitwear,Apparel & Accessories > Clothing > Activewear,Rosa,M,MC-LEG-001
MC-LEG-001-ROSA-G,Legging Maré Alta - Rosa - G,"Cintura alta, compressão confortável e bolso lateral para acompanhar sua rotina.",in stock,new,189.90 BRL,https://marecoral.com.br/produto/legging-mare-alta?cor=Rosa&tamanho=G,https://marecoral.com.br/images/coral/looks/look-rosa-coral-real-9x16-v2.png,Maré Coral Fitwear,Apparel & Accessories > Clothing > Activewear,Rosa,G,MC-LEG-001
MC-LEG-001-ROSA-GG,Legging Maré Alta - Rosa - GG,"Cintura alta, compressão confortável e bolso lateral para acompanhar sua rotina.",in stock,new,189.90 BRL,https://marecoral.com.br/produto/legging-mare-alta?cor=Rosa&tamanho=GG,https://marecoral.com.br/images/coral/looks/look-rosa-coral-real-9x16-v2.png,Maré Coral Fitwear,Apparel & Accessories > Clothing > Activewear,Rosa,GG,MC-LEG-001
MC-LEG-001-CORAL-P,Legging Maré Alta - Coral - P,"Cintura alta, compressão confortável e bolso lateral para acompanhar sua rotina.",in stock,new,189.90 BRL,https://marecoral.com.br/produto/legging-mare-alta?cor=Coral&tamanho=P,https://marecoral.com.br/images/coral/looks/look-rosa-coral-real-9x16-v2.png,Maré Coral Fitwear,Apparel & Accessories > Clothing > Activewear,Coral,P,MC-LEG-001
MC-LEG-001-CORAL-M,Legging Maré Alta - Coral - M,"Cintura alta, compressão confortável e bolso lateral para acompanhar sua rotina.",in stock,new,189.90 BRL,https://marecoral.com.br/produto/legging-mare-alta?cor=Coral&tamanho=M,https://marecoral.com.br/images/coral/looks/look-rosa-coral-real-9x16-v2.png,Maré Coral Fitwear,Apparel & Accessories > Clothing > Activewear,Coral,M,MC-LEG-001
MC-LEG-001-CORAL-G,Legging Maré Alta - Coral - G,"Cintura alta, compressão confortável e bolso lateral para acompanhar sua rotina.",in stock,new,189.90 BRL,https://marecoral.com.br/produto/legging-mare-alta?cor=Coral&tamanho=G,https://marecoral.com.br/images/coral/looks/look-rosa-coral-real-9x16-v2.png,Maré Coral Fitwear,Apparel & Accessories > Clothing > Activewear,Coral,G,MC-LEG-001
MC-LEG-001-CORAL-GG,Legging Maré Alta - Coral - GG,"Cintura alta, compressão confortável e bolso lateral para acompanhar sua rotina.",in stock,new,189.90 BRL,https://marecoral.com.br/produto/legging-mare-alta?cor=Coral&tamanho=GG,https://marecoral.com.br/images/coral/looks/look-rosa-coral-real-9x16-v2.png,Maré Coral Fitwear,Apparel & Accessories > Clothing > Activewear,Coral,GG,MC-LEG-001
MC-CON-002-CORAL-P,Conjunto Coral de Largada - Coral - P,"Conjunto firme e flexível para treinos intensos, com identidade Maré Coral.",in stock,new,299.90 BRL,https://marecoral.com.br/produto/conjunto-coral-de-largada?cor=Coral&tamanho=P,https://marecoral.com.br/videos/coral/producao-avatar/coral-master-runway-act-two-9x16-v1.png,Maré Coral Fitwear,Apparel & Accessories > Clothing > Activewear,Coral,P,MC-CON-002
MC-CON-002-CORAL-M,Conjunto Coral de Largada - Coral - M,"Conjunto firme e flexível para treinos intensos, com identidade Maré Coral.",in stock,new,299.90 BRL,https://marecoral.com.br/produto/conjunto-coral-de-largada?cor=Coral&tamanho=M,https://marecoral.com.br/videos/coral/producao-avatar/coral-master-runway-act-two-9x16-v1.png,Maré Coral Fitwear,Apparel & Accessories > Clothing > Activewear,Coral,M,MC-CON-002
MC-CON-002-CORAL-G,Conjunto Coral de Largada - Coral - G,"Conjunto firme e flexível para treinos intensos, com identidade Maré Coral.",in stock,new,299.90 BRL,https://marecoral.com.br/produto/conjunto-coral-de-largada?cor=Coral&tamanho=G,https://marecoral.com.br/videos/coral/producao-avatar/coral-master-runway-act-two-9x16-v1.png,Maré Coral Fitwear,Apparel & Accessories > Clothing > Activewear,Coral,G,MC-CON-002
MC-SHO-001-ROSA-P,Short Areia Ativa - Rosa - P,"Cintura anatômica e liberdade de movimento para dias de quadra, praia e sol.",in stock,new,149.90 BRL,https://marecoral.com.br/produto/short-areia-ativa?cor=Rosa&tamanho=P,https://marecoral.com.br/images/coral/looks/look-rosa-coral-real-1x1-v2.png,Maré Coral Fitwear,Apparel & Accessories > Clothing > Activewear,Rosa,P,MC-SHO-001
MC-SHO-001-ROSA-M,Short Areia Ativa - Rosa - M,"Cintura anatômica e liberdade de movimento para dias de quadra, praia e sol.",in stock,new,149.90 BRL,https://marecoral.com.br/produto/short-areia-ativa?cor=Rosa&tamanho=M,https://marecoral.com.br/images/coral/looks/look-rosa-coral-real-1x1-v2.png,Maré Coral Fitwear,Apparel & Accessories > Clothing > Activewear,Rosa,M,MC-SHO-001
MC-SHO-001-ROSA-G,Short Areia Ativa - Rosa - G,"Cintura anatômica e liberdade de movimento para dias de quadra, praia e sol.",in stock,new,149.90 BRL,https://marecoral.com.br/produto/short-areia-ativa?cor=Rosa&tamanho=G,https://marecoral.com.br/images/coral/looks/look-rosa-coral-real-1x1-v2.png,Maré Coral Fitwear,Apparel & Accessories > Clothing > Activewear,Rosa,G,MC-SHO-001
MC-SHO-001-CORAL-P,Short Areia Ativa - Coral - P,"Cintura anatômica e liberdade de movimento para dias de quadra, praia e sol.",in stock,new,149.90 BRL,https://marecoral.com.br/produto/short-areia-ativa?cor=Coral&tamanho=P,https://marecoral.com.br/images/coral/looks/look-rosa-coral-real-1x1-v2.png,Maré Coral Fitwear,Apparel & Accessories > Clothing > Activewear,Coral,P,MC-SHO-001
MC-SHO-001-CORAL-M,Short Areia Ativa - Coral - M,"Cintura anatômica e liberdade de movimento para dias de quadra, praia e sol.",in stock,new,149.90 BRL,https://marecoral.com.br/produto/short-areia-ativa?cor=Coral&tamanho=M,https://marecoral.com.br/images/coral/looks/look-rosa-coral-real-1x1-v2.png,Maré Coral Fitwear,Apparel & Accessories > Clothing > Activewear,Coral,M,MC-SHO-001
MC-SHO-001-CORAL-G,Short Areia Ativa - Coral - G,"Cintura anatômica e liberdade de movimento para dias de quadra, praia e sol.",in stock,new,149.90 BRL,https://marecoral.com.br/produto/short-areia-ativa?cor=Coral&tamanho=G,https://marecoral.com.br/images/coral/looks/look-rosa-coral-real-1x1-v2.png,Maré Coral Fitwear,Apparel & Accessories > Clothing > Activewear,Coral,G,MC-SHO-001
MC-REG-001-CORAL-P,Regata Brisa Leve - Coral - P,"Leve, respirável e com secagem rápida para correr perto do mar ou na cidade.",in stock,new,119.90 BRL,https://marecoral.com.br/produto/regata-brisa-leve?cor=Coral&tamanho=P,https://marecoral.com.br/images/coral/apresentacao/coral-apresentacao-03-vem-com-a-gente-9x16-v1.png,Maré Coral Fitwear,Apparel & Accessories > Clothing > Activewear,Coral,P,MC-REG-001
MC-REG-001-CORAL-M,Regata Brisa Leve - Coral - M,"Leve, respirável e com secagem rápida para correr perto do mar ou na cidade.",in stock,new,119.90 BRL,https://marecoral.com.br/produto/regata-brisa-leve?cor=Coral&tamanho=M,https://marecoral.com.br/images/coral/apresentacao/coral-apresentacao-03-vem-com-a-gente-9x16-v1.png,Maré Coral Fitwear,Apparel & Accessories > Clothing > Activewear,Coral,M,MC-REG-001
MC-REG-001-CORAL-G,Regata Brisa Leve - Coral - G,"Leve, respirável e com secagem rápida para correr perto do mar ou na cidade.",in stock,new,119.90 BRL,https://marecoral.com.br/produto/regata-brisa-leve?cor=Coral&tamanho=G,https://marecoral.com.br/images/coral/apresentacao/coral-apresentacao-03-vem-com-a-gente-9x16-v1.png,Maré Coral Fitwear,Apparel & Accessories > Clothing > Activewear,Coral,G,MC-REG-001
MC-REG-001-CORAL-GG,Regata Brisa Leve - Coral - GG,"Leve, respirável e com secagem rápida para correr perto do mar ou na cidade.",in stock,new,119.90 BRL,https://marecoral.com.br/produto/regata-brisa-leve?cor=Coral&tamanho=GG,https://marecoral.com.br/images/coral/apresentacao/coral-apresentacao-03-vem-com-a-gente-9x16-v1.png,Maré Coral Fitwear,Apparel & Accessories > Clothing > Activewear,Coral,GG,MC-REG-001
MC-REG-001-ROSA-P,Regata Brisa Leve - Rosa - P,"Leve, respirável e com secagem rápida para correr perto do mar ou na cidade.",in stock,new,119.90 BRL,https://marecoral.com.br/produto/regata-brisa-leve?cor=Rosa&tamanho=P,https://marecoral.com.br/images/coral/apresentacao/coral-apresentacao-03-vem-com-a-gente-9x16-v1.png,Maré Coral Fitwear,Apparel & Accessories > Clothing > Activewear,Rosa,P,MC-REG-001
MC-REG-001-ROSA-M,Regata Brisa Leve - Rosa - M,"Leve, respirável e com secagem rápida para correr perto do mar ou na cidade.",in stock,new,119.90 BRL,https://marecoral.com.br/produto/regata-brisa-leve?cor=Rosa&tamanho=M,https://marecoral.com.br/images/coral/apresentacao/coral-apresentacao-03-vem-com-a-gente-9x16-v1.png,Maré Coral Fitwear,Apparel & Accessories > Clothing > Activewear,Rosa,M,MC-REG-001
MC-REG-001-ROSA-G,Regata Brisa Leve - Rosa - G,"Leve, respirável e com secagem rápida para correr perto do mar ou na cidade.",in stock,new,119.90 BRL,https://marecoral.com.br/produto/regata-brisa-leve?cor=Rosa&tamanho=G,https://marecoral.com.br/images/coral/apresentacao/coral-apresentacao-03-vem-com-a-gente-9x16-v1.png,Maré Coral Fitwear,Apparel & Accessories > Clothing > Activewear,Rosa,G,MC-REG-001
MC-REG-001-ROSA-GG,Regata Brisa Leve - Rosa - GG,"Leve, respirável e com secagem rápida para correr perto do mar ou na cidade.",in stock,new,119.90 BRL,https://marecoral.com.br/produto/regata-brisa-leve?cor=Rosa&tamanho=GG,https://marecoral.com.br/images/coral/apresentacao/coral-apresentacao-03-vem-com-a-gente-9x16-v1.png,Maré Coral Fitwear,Apparel & Accessories > Clothing > Activewear,Rosa,GG,MC-REG-001
MC-TOP-002-ROSA-P,Top Firmeza Studio - Rosa - P,"Base firme, alças confortáveis e acabamento limpo para musculação e funcional.",in stock,new,129.90 BRL,https://marecoral.com.br/produto/top-firmeza-studio?cor=Rosa&tamanho=P,https://marecoral.com.br/images/coral/looks/look-rosa-coral-real-4x5-v1.png,Maré Coral Fitwear,Apparel & Accessories > Clothing > Activewear,Rosa,P,MC-TOP-002
MC-TOP-002-ROSA-M,Top Firmeza Studio - Rosa - M,"Base firme, alças confortáveis e acabamento limpo para musculação e funcional.",in stock,new,129.90 BRL,https://marecoral.com.br/produto/top-firmeza-studio?cor=Rosa&tamanho=M,https://marecoral.com.br/images/coral/looks/look-rosa-coral-real-4x5-v1.png,Maré Coral Fitwear,Apparel & Accessories > Clothing > Activewear,Rosa,M,MC-TOP-002
MC-TOP-002-ROSA-G,Top Firmeza Studio - Rosa - G,"Base firme, alças confortáveis e acabamento limpo para musculação e funcional.",in stock,new,129.90 BRL,https://marecoral.com.br/produto/top-firmeza-studio?cor=Rosa&tamanho=G,https://marecoral.com.br/images/coral/looks/look-rosa-coral-real-4x5-v1.png,Maré Coral Fitwear,Apparel & Accessories > Clothing > Activewear,Rosa,G,MC-TOP-002
MC-LEG-002-ROSA-P,Legging Correnteza - Rosa - P,"Tecido encorpado e elasticidade em quatro direções para agachar, saltar e evoluir.",in stock,new,199.90 BRL,https://marecoral.com.br/produto/legging-correnteza?cor=Rosa&tamanho=P,https://marecoral.com.br/images/coral/looks/look-rosa-coral-real-4x5-v2.png,Maré Coral Fitwear,Apparel & Accessories > Clothing > Activewear,Rosa,P,MC-LEG-002
MC-LEG-002-ROSA-M,Legging Correnteza - Rosa - M,"Tecido encorpado e elasticidade em quatro direções para agachar, saltar e evoluir.",in stock,new,199.90 BRL,https://marecoral.com.br/produto/legging-correnteza?cor=Rosa&tamanho=M,https://marecoral.com.br/images/coral/looks/look-rosa-coral-real-4x5-v2.png,Maré Coral Fitwear,Apparel & Accessories > Clothing > Activewear,Rosa,M,MC-LEG-002
MC-LEG-002-ROSA-G,Legging Correnteza - Rosa - G,"Tecido encorpado e elasticidade em quatro direções para agachar, saltar e evoluir.",in stock,new,199.90 BRL,https://marecoral.com.br/produto/legging-correnteza?cor=Rosa&tamanho=G,https://marecoral.com.br/images/coral/looks/look-rosa-coral-real-4x5-v2.png,Maré Coral Fitwear,Apparel & Accessories > Clothing > Activewear,Rosa,G,MC-LEG-002
MC-LEG-002-ROSA-GG,Legging Correnteza - Rosa - GG,"Tecido encorpado e elasticidade em quatro direções para agachar, saltar e evoluir.",in stock,new,199.90 BRL,https://marecoral.com.br/produto/legging-correnteza?cor=Rosa&tamanho=GG,https://marecoral.com.br/images/coral/looks/look-rosa-coral-real-4x5-v2.png,Maré Coral Fitwear,Apparel & Accessories > Clothing > Activewear,Rosa,GG,MC-LEG-002
MC-LEG-002-CORAL-P,Legging Correnteza - Coral - P,"Tecido encorpado e elasticidade em quatro direções para agachar, saltar e evoluir.",in stock,new,199.90 BRL,https://marecoral.com.br/produto/legging-correnteza?cor=Coral&tamanho=P,https://marecoral.com.br/images/coral/looks/look-rosa-coral-real-4x5-v2.png,Maré Coral Fitwear,Apparel & Accessories > Clothing > Activewear,Coral,P,MC-LEG-002
MC-LEG-002-CORAL-M,Legging Correnteza - Coral - M,"Tecido encorpado e elasticidade em quatro direções para agachar, saltar e evoluir.",in stock,new,199.90 BRL,https://marecoral.com.br/produto/legging-correnteza?cor=Coral&tamanho=M,https://marecoral.com.br/images/coral/looks/look-rosa-coral-real-4x5-v2.png,Maré Coral Fitwear,Apparel & Accessories > Clothing > Activewear,Coral,M,MC-LEG-002
MC-LEG-002-CORAL-G,Legging Correnteza - Coral - G,"Tecido encorpado e elasticidade em quatro direções para agachar, saltar e evoluir.",in stock,new,199.90 BRL,https://marecoral.com.br/produto/legging-correnteza?cor=Coral&tamanho=G,https://marecoral.com.br/images/coral/looks/look-rosa-coral-real-4x5-v2.png,Maré Coral Fitwear,Apparel & Accessories > Clothing > Activewear,Coral,G,MC-LEG-002
MC-LEG-002-CORAL-GG,Legging Correnteza - Coral - GG,"Tecido encorpado e elasticidade em quatro direções para agachar, saltar e evoluir.",in stock,new,199.90 BRL,https://marecoral.com.br/produto/legging-correnteza?cor=Coral&tamanho=GG,https://marecoral.com.br/images/coral/looks/look-rosa-coral-real-4x5-v2.png,Maré Coral Fitwear,Apparel & Accessories > Clothing > Activewear,Coral,GG,MC-LEG-002
